id,tweet,label
4063561008,"You gotta be kidding me.. everyone around me is sick, I've joked about getting sick and laughed at flu shots... I'm hurting right now.. Blah",0
1911226403,@JennaMadison == Swine  flu  vaccine  will  b-ready  in  3  weeks ...  new  sed.... u  worried ?,1
4068486611,I have the bird flu!  I don't like it!,1
4068667305,@prettiBrwnskin lol yeh just found i got da bird flu,1
2017367203,"Swine flu is here: 1 school was closed yesterday in Rada Tilly; parents are worried; public health system ""twitters"" in response.",0
4069414303,@kidmac13 haha you have the bird flu too,0
4069600809,RT @Marcus32Johnson: HAHAHHA Yall Got The Bird Flu!!!!,0
2023192903,Finally getting over the flu that had me down for over a week!,1
2023366402,"getting over the flu....geez, i hope it's not the swine flu",1
4069859712,"@COLD_CASH u got the Bird Flu pic....cusin, step ur virus game up...",0
4069926002,"@lissa_Michelle try hanging your head out the window to breath fresh air LOL! Try not to worry too much, swine flu is not a death sentence.",0
4070364800,"""Babe, there are worse things to worry about, like swine flu."" @whiskeychick ""But..I dont have swine flu, ive got a crooked tv""",1
4070428512,@twoacross Well like i said i was worried you got sick w/the flu or something.,0
4070662607,@savor Like you said at least you got a good list...the avatar bird flu seems to be a twitter wide epidemic.,0
4074628300,my brother has swine flu he started getting sick the other day and i was with him... now i'm getting sick,0
4076360514,"A lawyer has flu and my life is on hold.  It's getting boring.
Shana Tova.",0
4077869514,Not feeling so well today.  Might be getting the swine flu - piggly wiggly.  Need to wash my hands more.,1
4078195804,"I'm at home with a sick child. We were afraid it was the flu, but it turns out it was upper resp infection. Not good, but NOT flu!",0
4078868500,@AngieLedbetter Hey Cajun Gal! I see the Hot Peppers cured your bird flu this morning! Yay!,0
4080154206,"has the flu. Worst seems over. Now at home, resting. Not thinking about the bike!",1
4083696105,@QNeAuX aww man u got a case of the bird-flu too? Lol u ok?,0
3680445400,@no_crybaby_doGs I fink I haz bird flu. I have urge to poopz on a windshield.,0
3681897500,I think I'm getting the flu or something I feel sick everywhere.,1
3682129801,Holy fuck...I better be getting the flu. Otherwise something is very wrong. Owwwww.,1
3686504402,I was just thinking it must be a bit scary for McFly to travel constantly around Europe with the Swine Flu going on....,0
3687632308,I have chills fever sore throat diarrhea & im vomitting. Do i have swine flu? Should i go to doctor? Shit im scared.,1
3687729007,Anyone out there planning on getting all 3 flu shots this year?,0
3687913301,Any people that work with children concerned about flu outbreaks? What are you doing to prepare?,0
3688871809,"I'm not sure if I should be concerned that there were two confirmed cases of Swine Flu at UTC and all of us are feeling sick, or hopeful --",1
3689351313,"Is it bad that I'm actually afraid of getting sick? Swine flu has been buzzing around Florida, and they think it's happening here. :C",1
3690357207,WHY? Why are people getting offended b/c you don't want to shake their hand. Don't they know the SWINE FLU is lurking?,0
3692125314,"@soyboy72 I fear you must have a fever, swine flu maybe, cough and sneeze and maybe you can sneak out.",0
3693177505,When to be worried about the flu? Breathing difficulty is one sign. Log on to learn more,0
3694769709,"I hate this swine flu. I hear someone has it, now I worry I have it every time I get a headache. This weekend will not be ruined!",0
3695471206,"@IMAO_ Remember during the Bird Flu scare, when Bush instructed kids to lick doorknobs? Change.",0
3697399811,Never took swine flu very seriously. But school now orders us make sure to wash hands and will oversee free vaccinations. Should I worry? :S,0
3698913506,everyone's starting to get worried about swine flu again. And only 8 more days till school starts. Great....,0
3700429610,"@Japanator I should've clarified: the concern was the swine flu H1N1, not avian  =/  But the latest news says it's normal flu, I think",0
4087616608,going over to a friends house to check on her son. he has the flu and i am worried about him,0
4088122702,"May be getting a flu, so of course I'm going out: 4th Wall Project, dinner, @craignb bday party, THUNDERDOME 3D. Where am I sleeping 2nite??",1
3704931101,"H1N1 is a farce. Only 700 ppl died compared to 36,000 frm the regular flu worldwide. I think the only disease is that of fear.",0
3706058901,Good 1 !RT @bewDful Neither does the shot... :( hand-sanitizer does not prevent u from getting swine flu get your flu shots #iranelection,0
4091174402,"sad and worried, my 4 year old grandson in hospital with swine flu, it has his asthma acting up.",0
4092428910,"Darlington battling the flu this week, but s'western playing tough after getting drilled by mineral pointast week.",0
3706212312,HearYe HearYe News Outlets & Governments Perpetuating #SwineFlu Fear: #H1N1 IS HELLA LESS DEADLY THAN THE REGULAR FLU. #simple #boring #true,0
3707096204,Today looks like another raining day. Not feel good and getting flu now. Hope it is not H1N1.,1
3708853202,"Im not getting any worse, so probably its just an ordinary flu och cold",1
3710492201,@DC_Zol you'd be better off getting Swine flu than this god awful cough I've had for 6 weeks,0
4097784407,i feel soooo sick ugh getting the flu?.....,1
4099312511,"Time to get some breakfast. I've been up for 3 hours, but unable to stomach getting breakfast. Bloody man-flu. At least it's fading a bit.",1
3710551711,"this little piggie should be scared of you! you can give him the flu! good thing he's in a nice hog hilton, protected from your germs!",0
3710646913,I just might curtail my drinking because of this swine flu thing. I'm tired of getting sick every winter b/c my immune system's drunk.,1
3710747105,cant believe everyone is getting the swine flu...,0
3710783012,@RachelPattisson I know :( I was so worried about swine flu and chicken pox... but these household incidents are just as scary!!!,1
4100442104,"Feel very low today the swine flu getting me down , head feels like its got a lead weight on it",1
4101511101,"RT @kelleyclark @GoddessGeek @samiahurst: I will be getting a flu shot. Not for me, but to protect ... people I come in contact with.",1
4101574411,@kimbumm what hyun joong is really swine flu ? I'm very worried,1
4102534007,"Considering heading to Wahlgreen's this week and getting the $25 flu shot. I hope insurance is needed, since mine hasn't kicked in yet.",1
3710966914,this flu is getting on my tits,1
3711118304,c) I had bird flu  d) all of the above  e) none of the above,1
3711044605,"Today i feel a lot better, getting over the flu. Gained 5lbs. due to not wanting to eat, lost my appetite, now back on track.",1
3711195205,"worry, worry worries. Bloody flu !!",0
4102853105,Shutting the computer down. Trying to keep this flu at bay by getting an early night/morning. It's 12:22AM lol.,1
4103269214,britt wasnt exaggerating... They are worried about swine flu at concordia... There is hand sanitizer at every table setting,0
4104516003,i just contracted the bird flu,1
4104741800,@imsoharlembitch u still got the bird flu? what's up w/ the pic?,0
3711923905,Checking out my husband's new picture on twitter.  How handsome. Getting my company ready for the pandemic flu! Wash your hands often!!,0
3713616208,Happy Wednesday! Making preliminary calls for swine flu on college campus'. R u worried? R u taking more precautions? Let me know.,0
3714539712,Are you worried about this Novel H1N1 Swine Flu? Take the poll and see what others say. #Swineflu #h1n1 http://cli.gs/1apqA,0
3713860505,My family and I are definitely getting our flu shots asap!,1
3714029412,RT @nikoworthen I wish I wasn't getting all these swine flu tweets while I'm riding the bus full of homeless people,1
3715071309,"SWINE FLU SWINE FLU SWINE FLU. There, you all should be scared now. :-)",0
4112711902,Have a Great Evening Everyone!  Spending the weekend playing 'Dr. Mom' to Kathryn - flu symptoms but getting better by the hour. Phewww.,0
4114116802,"WIfe is out ot town, I have the flu, kids are driving me crazy, and I'm thinking about buying a used Fender Deluxe Reverb.",1
3714184800,RT @Norbely: Yeah so... I'm getting sick. =( <--swine flu?!!!!,1
3715069711,"@thekin @stephanieeking is home with the flu, and getting a tweet from you guys would make her day better, how about it?",0
4120761905,"ugh, I can't sleep because I have this stupid mini-flu due to getting a flu shot from winn-dixie... wtp?",1
4127104006,Just thinking i feel like a completely different person from my swine flu experience till now...great is Your faithfulness!,1
4128317608,"is thinking she's going to miss Mass today.  Husband has flu, and I'm achy with headache.",0
4129005214,My school may be getting closed because everyone has the flu hahahah!,0
4624560710,Swine Flu - How worried are you? - Take our poll now and check out how others feel! http://bit.ly/A07Zq - Vote Today!,0
4129708105,im getting over this stupid flu and doing hw ok where do u use equations in life and intergers and crap like i dont understand it,1
2042612700,Should You Be Concerned About the Braeburn Swine Flu Case? http://ff.im/-3Cwyk,0
2043818401,Officials worry about swine flu preparedness amid budget cuts. http://bit.ly/J2gZX,0
2047236204,THE SWAG FLU IS GETTING CRAZY WE GOT @souljaboytellem saying he got the swag flu...,0
2047671002,Just got lectured on how the swine flu = created by gov't to instill fear and make us all conform... riiiight,0
4134578800,If I'm getting the flu I might just kill myself,1
4138501505,"I think I might be getting sick ftl, fml.......no swine flu",1
4139646609,is scared I'm going to get the flu,1
4624560710,Swine Flu - How worried are you? - Take our poll now and check out how others feel! http://bit.ly/A07Zq - Vote Today!,0
4139801011,@orphanslop You can have bird flu and still wear the mask.,0
4150648301,"had the afternoon off as fear i may have come down with a severe case of *man* flu. Well, i think it's bad. But that's a primary symptom...",1
4151472409,RT @KOINkeepitlocal: What questions do you have about Swine Flu/H1N1? Are you concerned about contracting Swine Flu?,0
4151533114,Is sick of hearing about swine flu! The media needs to stop causing public fear over a non-existent problem.,0
4152540506,"At home with a snotty nose little boy hope he gets better soon. Everyones gettin the flu, got me scared!!",0
4152653914,"Sitting in the waiting room, waiting to be told I have the flu. Really, though, I'm thinking about ice cream.",1
4153542014,"@RoseyMainvein on plus side I won't get ill from yukky students spreading germs but on minus side, worried about stories from last flu shot",0
4153863714,i think i'm getting piggy flu....,1
4153996013,"My mom has the flu, not sure if it's swine or not...she does work at a hospital. I told her I would bring her gingerale but I am scared...",0
3719065603,campus might be shut down for 4-6 weeks because of another swine flu outbreak. i feel like i'm getting sick. this is definitely the whomps.,0
3720173007,ryan is sick and thinks he might be getting the flu. noooooooo!!!!,0
3720343307,Think I'm getting flu. Hurt all over and have sore throat. Boo!,1
3720468614,@lau56 So you guys are just joking around. That is good because I worry about you guys being in icky places. You could get the flu-->shots!,0
4155947511,Oh no...wife has body aches and feeling fatigued...hope she is not getting sick right after me. Stupid flu!!!,1
3724156412,"Deathly afraid of the flu, she asked her doc what to do. He jabbed her unseen w/ swineflu vaccine  and said, ""Dearie,  I haven't a clue.""",0
4159989211,I would like to coin the phrase ‘catching the swine flu’ to be used as a way to make fun of a friend for getting something. ; ),0
4162730414,Me and kat are getting our flu shots tomorrow :/,1
3728664814,So I think I'm getting sick and all of my friends keep telling me I have swine flu. That is not funny.,1
3728695405,"maybe Mr. Shakesbeer has the swine flu...than everything is getting clear...I hear,that swine flu can damage the brain...who knows..",0
3728783313,@redstar57 How exactly would a bird have swine flu?,0
4163528202,I'm getting sick. I hope it's the swine flu.. Cause the regular flu is boring.,1
4164665200,@MadisonPettis22 thats weird cuz alot of ppl in my skool were getting the flu too. i guess its flu season.,0
3733472202,I might be getting swine flu,1
4166862704,@cocolee117 I'm wearing mask 2day 2. Don't worry sweetie. 保持好心情最重要哦，加油加油，我们一起战胜flu！！！,1
4168647302,"freaking out worried. Son may have swin flu. He was sick last week, he got better for 5 days, and now he's had  ... http://lnk.ms/0Tm8y",0
4168794106,At the moment i am just getting over swine flu don't want that again,1
4169013713,"Arrrgh!!! team Mckee have all been in our sick beds with flu. for the past week but we are getting better, sniff! sniff!",0
3734380611,Feeling down from flu? Don't worry about going to work or class. Feel better and check the latest info from UHS! http://bit.ly/e6Ic4,0
3734415104,"Sowwy btw for not tweeting after coming back from Spain, I've been so busy! For starters, don't worry, I didn't catch swine flu :)",1
3734826001,I guess people are worried about swine flu. We've got hand sanitizer bottles randomly placed in the building.,1
3734836209,"had a much better night sleep last night. must be getting better. yippee!  must've just been a cold, or i handled swine flu really good. lol",1
4170287011,"Guys, I think it's official.  I have the disease everyone is talking about: Bird flu.",1
4170424008,"And Im not going to work anymore, not because im scared of u turning me in, getting caught. I have the swine flu!",1
3734926408,@ChurchHTucker SARS? that's like so two years ago.  Get with it man.  We all fear the pig flu now.,1
3735043814,I already had enough sleep todayy.. My flu is still the samee.. Yet my massive headache is getting worstt.. )=,1
4170825607,@WendyJackson good morning Wendy I missed u this morning hope ur doing fine I've been at home with the flu getting over it already,1
4173662914,rt @MissMaryJ Gonna get a flu shot first time ever....<~not scared of any other shots but that 1...ppl seem 2 GET the flu after gettin it,1
4174178812,getting better slowly |-) think i got the flu!,1
4175293601,@tator_totty cuz your lungs and shit huh? i really hope you dont have swine flu and die because you were afraid of the doctor and his swabs!,0
3737521304,@mendexur whatcha been up to?  anyone getting the flu yet?,0
3738564906,@MMS_Africa Thanks for the feedback. Read that it was scary because it went from animals to humans unlike the bird flu.,0
3739630802,@mollyblack it would sound like with autoimunne issues you'd be on the hp list for flu shots. unless there is concern about a reaction,0
3644630507,The approach of winter and flu has you worried? Worry no more Click Me for Health Now http://bit.ly/Tl8iC,0
3740340602,@EffRonca i guess in '76 more people died of the nerve disease caused by the vaccine than the actual swine flu. im so not getting one.,0
4178336906,@ktsummer Slightly strange but I think the BH Flu can cross oceans!! I am getting a cold....seriously!!,1
4295383800,"this swine flu stuff is all over the news again, I'm not getting the shot and neither for my kids why give them the virus twice! OMG!",1
4295400808,@smitj052 getting over the flu and practicing for my show on Friday! :),1
3644630507,The approach of winter and flu has you worried? Worry no more Click Me for Health Now http://bit.ly/Tl8iC,0
4296126811,getting the flu shot..but I hear that when u get it is when you get sick :/ we'll see..,1
3741094011,fuck her. yall need 2 pray 4 my close friend  @jazzy813's sister shes getting over the swine flu. its almost out of her #thankgod,0
3742000813,Thinking of reason NOT to go to the ER... So far I've come up with I REALLY DON'T WANT TO EXPOSE MYSELF TO THE SWINE FLU.,1
3742024711,"I am getting sick... I got whatever it is that is going around... sore throat, runny nose, fever... hope it's not swine flu!",1
4296522409,No1! Keep that mess. Feel better though for real. RT @captain_taco: I think I may be getting sick. who wants swine flu?,1
4296965308,@KokeIsDope swiiiiine FLU!!!! Omgeeeeez..now u scared me. :-( lol,1
4297171212,@katiewine girl i know. i am scared shitless of the swine flu though.,1
3742657306,"@kendraraquel time of month? I just realized that's why I slept for 12 hours yesterday, I thought I was getting the flu, but no",1
3743640403,"Practiced golf, followed by a good workout in the gym. Picked up my flugen from the alergist.  It's supposed to keep me from getting the flu",1
3743739810,I think i'm getting paranoid about the swine flu...,1
4298699104,"Now the wife is getting sick, the flu has come full circle.",0
3743977508,Who else is worried about Swine Flu?? #diabetes,1
4624560710,Swine Flu - How worried are you? - Take our poll now and check out how others feel! http://bit.ly/A07Zq - Vote Today!,0
4300969109,RT @DeuceRed: @iShatara @misspeaches501 when yall going?! ummm when did u catch the bird flu?,0
3747031009,A little worried about the swine flu epidemic!,1
4301813505,My parents are getting paranoid with the swine flu especially since a girl from Mater Dei High died from it yesterday.,0
4302923609,The swine flu is getting too close for comfort and i dont like it,1
4303397513,RT @LisaHorne: Kiffin was then asked if he was worried about the flu bug hitting his team. His classic reply in next tweet...........,0
4304111502,Whoa everybodys getting swine flu!!!,0
4305642010,@virtualjsn  I don't plan on getting the swine flu shot. One flu shot is enough.,1
3748182614,"@DinaHackerHeise how about mad cow, MRSA, West Nile, and Bird Flu?",0
3748671214,"Oh goodness me. I'm getting sick. Let's hope it's not from Swine flu. Oink, Oink.",1
3748849800,@kRissybabytx i Know you must be going crazy but dont worry too much more peeps hit the lottery every day than die from swine flu,0
3749103908,Just saw a biker on franklin with a face mask. Scared of swine flu?,0
3751367509,@gruber Would that be bird flu?,1
3755165805,is thinking about using SecondLife.com for her Therapeutic Jurisprudence class due to the swine flu.,1
4312408511,I'm sick :/ and there's swine flu @ School! I'm scared!,1
3764129812,"@hokielove At least you won't have to worry about catching swine flu.  See, another positive of watching from home :-)",0
4313091313,You seem pretty scared of catching swine flu for someone who's not remotely scared of catching STDs. http://bit.ly/hRbvB (via @someecards),0
4321577701,RT @someecards: You seem pretty scared of catching swine flu for someone who's not remotely scared of catching STDs. http://bit.ly/hRbvB,0
4314353109,My cold is getting the best of me! Ughh drinking Thera Flu with an english muffin. Hopefully i'll feel better soon:-/,1
4321577701,RT @someecards: You seem pretty scared of catching swine flu for someone who's not remotely scared of catching STDs. http://bit.ly/hRbvB,0
4314993109,hubby's home w/the flu :-( I'm bringing him groceries and getting the heck outta there! #fb,0
3769743807,Everybody is qettin thaa flu.!!!! I'm scared.,0
3770117502,"RT @mercola: If you are concerned about the swine flu, I would highly recommend trying Tulsi. http://bit.ly/2deE6f {I enjoy Tulsi tea...}",0
3770793902,I hope I'm just hungry and not getting some nasty flu. Feel like shit all of a sudden.,0
4317760800,"Recovering from possible flu - I'm so behind the times, it was probably Bird Flu.",1
4318729613,"Im afraid to go to doctors,i might catch swine flu when i go there. Then im screwed.",1
4319722603,"RT @DeuceRed: i no longer have the ""bird flu"" YAY!!! @misspeaches501 whoooo hoooo",1
4624560710,Swine Flu - How worried are you? - Take our poll now and check out how others feel! http://bit.ly/A07Zq - Vote Today!,0
4321117302,I got flu and it's getting worse!,1
4321480901,getting a flu shot today cause i gotta be healthy around my dad and cant get sick around him due to his chemo treat ... http://lnk.ms/1zMZF,1
4322103512,@gotpassport im more than a little distressed about this flu-like disease spreading among the Karen kids. have you read any other reports?,1
3774368704,MY BROTHER IS IN THE BOARDER LINE OF GETTING SWINE FLU !!!,0
3776830210,@BrentSpiner Are you afraid to get the swine flu?,0
4326544708,@OhSoNattral swine flu!  Ppl are scared.,0
3782219014,"just looked up the symptoms of swine flu and I hate to say, I am more than a little concerned...",1
3791747106,"@Adriennevh Thanks!  Now my little girl (5) has a slight fever.  Should I fear swine flu?  I mean, not sure we will make a movie tomorrow.",0
3793050702,"@Invader_Random Don't worry about it, I'm sure you'll be fine if it is a flu.",0
4328959214,"So excited for the launch, took a nap, feeling better (even the swine flu won't stop me from getting my gypsy!)  #gypsy",1
4329031609,Is China next stop for bird flu? - What is the Word http://ff.im/-8Cbe1,0
3795076312,Pregnant women concerned after swine flu deaths,0
3795893600,New post: Should You As A Parent Be Worried About The Swine Flu? (http://cli.gs/BYZd2),1
3800152200,"I think I have the tweetypig virus..  You know, the swine and bird flu all in one.  I'm going back to bed.  Let automation do it.",1
4329792013,I think I'm getting the swine flu.  Awesome.,1
4330944213,RT @theRealEsthero: my computer is filthy-- your gonna catch the twitter bird flu -- use hand sanitizer on your keys,0
4330979709,"@BriannaBanshee @joeboyfresh good news no h1n1! bad news, i did get this season's flu, which only 2% of the population is getting this year.",1
3803736207,"@Denvo1 nope, i think i'm getting the flu or something :\ x",1
3804287702,never woulda thot my gma to be scared of the swine flu. lol,0
3804789103,yes virus dari gw. RT @mrcandries: eek im getting flu. *uhuk uhuk,1
3805543501,"Mum is starting to think i might be getting swine flu... thats worrying, she usually just tells me im overreacting",1
4332559913,Central Coast counties prepare for flu season: As the flu season approaches we all start thinking of ways we can.. http://bit.ly/asBBg,1
4333615600,@Zesylene @bizziefan @nicholerlaird I hope I don't have a kid that is getting the flu. Caitlyn has been up now puking. GREAT!!,1
4333996104,Still sick. Getting rid of the swine flu is not easy. Too bad I'm another statistic :(,1
4335329007,#swineflu Swine flu concerns keep Children's ER in Dallas busy - Dallas Morning News: Swine flu concern.. http://bit.ly/Q4U8b,0
3813259600,Am I getting flu A-H1N1? OH NO!! help..meeee!!!,1
4339980506,Feels like I'm getting flu-ey..,1
4340279404,My son is sick this is NO fun. I'm afraid it's the flu.... :(,0
4340327509,@GillianCohen uhh is this true? RT @dougbushbc @beckyhammer Gilly's mom has Bird Flu,0
4341491009,@drspectrum Is it the bird flu?,0
3644630507,The approach of winter and flu has you worried? Worry no more Click Me for Health Now http://bit.ly/Tl8iC,0
3818035104,@lazoug don't worry! You'll be fine lots of rest and chicken soup! You are supposed to starve a cold and feed the flu! So get plenty to eat!,0
3818407608,@HWhitters  i like your quick thinking. i have a flask of tea incase we're there for a while. and a mask so you don't catch my piggy flu,0
3820776603,HEY! GUESS WHAT! I'm getting the flu. lovely. isn't it?,1
4343190414,hatchi-hatchi-sroottt-sroottt!!! this flu is getting worst!!!,1
3821139608,@SKTglambert Don't worry. That happened to me too. They did a nasal swab (yuck) and told me it wasn't swine flu.,1
3822715603,@BankyW watch out for bird flu...,0
3822965310,Whole foods Dedham= Disney world for me . More photos to come on blog soon now that I'm getting over my flu :(  http://twitpic.com/gv92p,1
4344180307,Find myself at home again. Gotta love martian flu getting it's second wind!,1
4344477006,-- Swine flu outbreaks cause concern http://bit.ly/LsKGC,1
4624560710,Swine Flu - How worried are you? - Take our poll now and check out how others feel! http://bit.ly/A07Zq - Vote Today!,0
4344972806,Swine Flu Paranoia is getting out of hand!   http://twitpic.com/iy8ax,0
3826105704,"@HypFoods ??? Of course we are concerned, we just aren't panicked.  Lots of good treatments for flu, even homeopathics",1
3830764201,Oh god I think im getting sick which is kinda scary to say from all the swine flu crap that's been going on?,1
3832563813,"@verastic Ha, there u are! Was getting worried, thinkin you'd gone AWOL on me. I thought Nwoke Ocha got berra. Wharrapnd 2 him? Avian flu?",0
4347493308,"RT @YungCEOJust like the Swine FLu Vaccine, Ppl are getting it then gettin sick... come on now...<<------hea yuhhh its a set up!",0
4348028613,@kriten I don't know which I'm more afraid of - ghosts or the swine flu! Because they both kill.,1
4348454612,"I'm dying with the flu (not literally). Its actually getting better but it's leaving me with a very irritating, painful cough.",1
4348879100,"@Saramaria I'm just getting over being so sick, I think I had or have the flu :(",1
4349921111,Wonderng how swine flu is going to affect our business/sales have been pretty poor b/c of the recession/now we got R2D2 flu to worry about!,1
3834664412,@kamille2uboo hey cuz happy labor day..im here getting over a bad episode of the flu...,1
4353145409,"getting over the flu, now having either allergy problems or a cold! MAN!",1
4353507712,MY ROOM&BATHROOM SMELL LIKE BLEACH&VANILLA! =] THE DR SCARED ME W/THE SWINE FLU TALK. LOL.,1
3838365602,Oh no my babyboy has the flu. It got me worried because he has asthma. Need to keep a close eye on him today!,0
3840809705,"@PavlikM Agreed! How many people are afraid of swine flu, but then don't buckle up?",0
3842052601,Hellz I'm worried how the swine flu is gonna b come fall/winter plz remember 2 take precautions. Wash hands & cover mouth if sick stay home!,0
4353762211,"Swine Flu, Bird Flu, Mad cow desease, like... thats all are freaking meats right there!! what we suppose to eat? seafood all day?",0
4354208507,@md_phd Beats getting the flu! A small price to pay!,0
4354833114,Just getting over the flu. Reading and listening to Taylor Swift,1
4356337512,RT @Rachel1919 RT @mightyminimoose How to Prevent Your Child from Getting #Swine #Flu http://is.gd/3D2hW #parenting #health #wellness #H1N1,0
3843317200,"Slept horribly last night--had a horrendous sore throat and kept thinking I had swine flu.  Feeling a bit better now, but still not 100%.",1
3843561013,@chriss_yst I've been so worried about her. Don't think Holly should get Tamiflu as she's been so ill in past.Think I probably had Swine flu,0
3845053214,Lots of swine flu fears/rumors circling.  Are you worried?,0
3845299709,fear of the flu!!!!!!!! NOOOOO,1
3846119902,Notified today are getting our 2nd shipment of seasonal flu vaccine today so should have Thurs pm or Friday again.,0
3846380008,@iloveuab Are you afraid of getting swine flu? Or R you changing your hygiene habits to avoid swine flu? That's a good one...LOLOL good luck,0
3846864102,"off work and worried about brother taken to emergency room sick with possibly flu, don't know yet though",0
4357990514,i was actually hungry for dinner. Im still coughing but maybe i'm finally getting over this stupid flu.,1
4358345500,Please be praying for Anna..she doesn't seem to bet getting better. 1/2  her class is out with the flu. i'm takin her to dr in the AM #lccgc,0
4358364601,I think im getting the flu...:(,1
3850231902,"This is bull-shit, getting sick because sick people don't stay home when they should! Arrrrgh! It better not be swine-flu. Gross!!! #paxflu",0
4364419807,getting flu attack..... :((,1
3853397305,"The flu still kicking me. Dun wanna be close with twins, afraid they got infected but...no choice. Stay healthy babies.",1
3853469002,"Being sick with what is either #paxflu or the flu that I *brought* to PAX.  However, I stayed home to prevent getting the offices sick, and",1
3854281905,Littlest girl has the flu. And an obsessive urge to roll around in mud. Should I worry?,0
4366736901,We have had Bird Flu and Swine Flu how about Human Flu #FF,0
4366769702,"Getting my flu shot this morning. Gotta be honest, not excited.",1
4366891503,"getting over this flu, oregano tea works! ^_^",1
4367040808,Listening to the radio. Apparently getting the seasonal flu shot increases the risk of H1N1. Ontario changing their flu shot strategy.,0
4367082214,"To whom it may concern. Robitussin smashes Thera FLu, yes this is a testimonial.",0
3855641401,Running is jinxed. Just getting over injuries but now down with sinusitis and flu. Should concentrate on business growth plans instead.,1
3855921304,The swine flu is running rampant through the local colleges. I am concerned what that could mean for Rick's health.,0
4367292106,J'sar at San Fransisco International - http://bit.ly/4iBnS0 - I was getting over the flu - caught it a week before a had to leave,1
4368247210,"I just completely bombed my test... woops! 
I think I'm getting swine flu",1
3862111708,Feeling under the weather... thinking that Husband passed his flu-like symptoms on to me.  Opting to go in a bit later this morning...,0
3862185612,"Perhaps it's my phobia. I don't really tolerate illness.  Because I have such a fear of the flu, colds don't phase me.",1
3863627812,@terynjay Don't you run yourself down and go getting the flu!,0
3863646002,"Glad I didn't go to PAX after announcement of Swine flu there. Not because I'm afraid, but because I hate constantly blowing a runny nose.",1
3864397903,"Getting a look at the new E-R at Holston Valley Medical Center, also looking at flu shots & seniors and are morges getting overcrowded?",1
3864663409,"I'm really scared about this Swine Flu especially when someone has a cold, pff...",1
3864714309,"Paging Dr. Twitter, I'm getting sick: Headache, stuffy, fever.... I think it's the weasel flu. I read about it somewhere. It's new.",1
3864728011,man im so sick i feel terrible i got all the symptoms of the swine flu im scared,1
4371177014,Just Getting over This Nasty Flu,1
3865296811,Is getting a sore throat again and i just got better from my flu?? What the?,1
3866298001,"everything aches, maybe i am finally getting pig flu? Am hoping so",1
3866380000,"Got sent home early, kind of sick. I guess corp. is worried about swine flu. Nap then some WoW tonight.",0
3867166606,Awww feel like crap :( flu is getting me :( sooo hungry aswell=[,1
3867339708,"Geez the whole swine flu thing makes me afraid to be around large groups of people. Hope no problems at AWA. If you're sick, stay home!",1
4374163508,I really do not want to get the swine flu. Kids are already getting them at our school.,1
4374269502,Hope your day goes well. Getting the flu shot now. Got yours ?,1
4374444600,@b_club Hope your day goes well. Getting the flu shot now. Got yours ?,1
4374606012,"And the crazy begins.  first thing i notice a lot of people are wearing masks cause they are afraid of swine flu
-NGL0",0
3867817114,Ok...not getting flu shot. Don't feel like getting sick this week.  #flushotwhimp,0
3868324500,"@janetbarnett  I'm still getting flu shots, nothing is worth flu turning into bronchitis intopneumonia.",1
4375974405,im getting the flu. Sad face.,1
3871694508,"too many peeps with swine flu around, I am getting paranoid",1
4377312909,This flu is trying to bring me down but it's going to have to try harder I am not getting sick!,1
3872362009,Everyone is getting swine flu! Ahhh!,0
4377717703,'s whole family is freaking out thinking that I have the swine flu.  since when is a headache and a fever the swine flu?,0
4377847107,Do I still have bird flu?,1
4377868201,"Getting over the flu, broke as hell , and SURPRISE! my phone decides to spontaneously break, yeah my new prize phone. GIVE ME NUMBERS!!!",1
4377901003,While I was getting my flu shot here at work I missed out on the Bag of Crap on Woot...arg!,1
4378742101,"i know, the flu is getting closer and closer, i feel it -_-",1
3873609908,"If I'm getting the flu, I'm gonna be REALLY pissed about it.",1
3874212805,@thedavidcook are you scared about swine flu?,0
3874347704,"is swine flu fear killing manners?  a sneeze on the cta earns indignant glares, no more bless yous.",0
4384827410,I put a bottle of germ-x in the booth tonight. I really don't feel like getting the swine flu. Cash money i heard can transfer the virus.,1
4624560710,Swine Flu - How worried are you? - Take our poll now and check out how others feel! http://bit.ly/A07Zq - Vote Today!,0
3877584002,I'm dead tired. Getting over flu and taking care of kids all day.,1
3877956211,"Is either sick or really tired......i'm thinking both..
I can smell a swine flu outbreak coming on!....Actually, I can't smell anything..Ha!",1
3879070508,@HiMynameisOmar No the ice cream won't work. My stomach has been all gross since desmorning. I think i'm getting the flu. FML...,1
3882079809,Swine flu or bird flu? J/k RT @djcdub615: If a dude has the flu and eats a girls coochie.....will the coochie catch a cold?(The flu)?,0
3884708300,yahh tdnya gw mu traktir red mango haha lu sakit sii  gag jadi dehh haha RT @icecreamvanilla: im off tired and my flu getting worse!!damn..,1
4392021205,Are you getting a swine flu shot?  Pretty scary stuff......I mean the vaccine.,0
4393036509,Sign I'm getting old. If I had the swine flu there is zero percent chance I would want to play football. Here's to you Tebow.,1
4393191808,Delhi restaurants say customers will not come if Pork is on the menu as they are scared of Swine Flu. Are customers so ill-informed?,0
4393404802,"I've got full on bird flu now, proven to be much worse than man flu",1
3885220608,"Evrytime I think of someone havin swine flu, I think of like  resident evil or some shi., getting bitten",1
3885744802,is still at home with pig flu but is getting better...:D,1
4393530506,"GM, at GM getting an oil change and I just seen rite aid giving flu shots..but they don't hv an pharmacy! Where they do that at",1
4393879903,"finally back, i wrestled with some virulent form of flu, but i subjugated it and beat it. but boy i hate getting sick. it is so not me!!!",1
3887499011,"RT @weirdralph: Doctors have found a cure for Swine Flu. It's an oinkment. In related news, Bird Flu can be tweeted the same way. - hah",0
4396427411,@ZohalAttayee--hope u arent getting swine flu,0
4397931804,"Getting the flu shot hope it helps, hate to get sick",1
3889757414,"How to Prevent the Spread of Swine Flu: Worried about the spread of swine flu?Already, there are reports coming .. http://bit.ly/Syemq",0
3889803111,Worried about the swine flu =S!,1
3890689903,"Also, we are going to TRY to go to the gym tonight. Getting the flu really threw a cog in those plans this week :(",1
3891196304,@kelimorris doin ok. Just worried about my sisters. They have swine flu,0
4624560710,Swine Flu - How worried are you? - Take our poll now and check out how others feel! http://bit.ly/A07Zq - Vote Today!,0
3893794403,So on top of the flu (which I am finally getting over) I now have stomach pains! When will the sickness be over!!!,1
3894154300,I offically have the flu. Getting a swab to test for H1N1.,1
3894902611,People is getting crazy with the swine flu -.- Ridiculous,0
3895708902,Day 3 of self-quarantine after getting the flu. Starting to feel like Ren in this: http://bit.ly/16Gdbj,1
4411205603,Was fine during the SARS / Bird Flu / Swine Flu eras in Hong Kong. Haven't been sick in over 2 years. WHY NOW???,0
3896930006,"Think im getting the flu or something my body aches,cant stop sneezing,sore ears & throat",1
4412401312,Scared of Swine Flu? There's an App for That http://t.love.com/255128452,0
3644630507,The approach of winter and flu has you worried? Worry no more Click Me for Health Now http://bit.ly/Tl8iC,0
4624560710,Swine Flu - How worried are you? - Take our poll now and check out how others feel! http://bit.ly/A07Zq - Vote Today!,0
2025906404,"@eeemilya Bird Flu? Swine Flu? Equine Flu? Nasty Flu? or Mad Cow?, which is not a flu but still very worthy. Which one?",0
2027440702,gosh im getting allergic with foreigners... must stay away from swine flu..,1
2028198404,@Titania_Aelita Clearly a footware fetishist with a pathological fear of swine flu :D,0
4415796108,@mcvane It is daft as C works for govt & they're not supposed to go in with cold symptoms for fear of pig flu.,0
4417723909,"This Guy doesn't want to get a ""normal"" flu shot but is worried about the swine flu. People are funny.",0
4428035110,Recovering from the Flu is worse than getting over a cold - It sucks! I feel like a large animal of some sort is laying on my chest!,1
2030601202,I'm scared sa Swine flu @-).,1
2036480701,"Coughing. Coughing. Coughing. And no, it is not swine flu. It is normal flu. And I am getting better.",1
3900706006,ouuuuu daaamn! the flu is just getting over and i'm completely soaked!! xO is raining like hell at the Carretera nacional :P jajajaja xD,1
3901250402,Or either he got da bird flu,0
4432154612,@derekwallen Already had the flu. Just haven't taken the proper amount of care to recover fully. Thanks for the concern though,1
3908420204,one day before #barcamphk and i'm what? getting a flu? >_<,1
3909453312,"@OUR_LORD lol!! I need a cloud too! I'm getting flu, so I think this is gonna be a not so nice wknd =( dont want to go to work!",1
3909877403,Worried about swine flu? You'll want to read this. http://bit.ly/ksnnG http://bit.ly/qnTBs,0
3909955702,Me: I have a sore throat.  My mom: You have swine flu.  Now I'm going to be worried about you for the rest of the day.,1
3910850503,@Spetsnaz101 yes. she's afraid of swine flu. brilliant deduction. :-/,0
3910854410,"Gotta go pick up Bird. She's in the nurses office sick. Swine flu scare. Oh noooooooossss. @girlrokkstarr, will you visit me? SIKE!",0
3912679213,Flu season is getting closer. Reminded that my necktie that hasn't been washed in 5+ years is a good source of infection http://bit.ly/460cU,1
3913102709,"The whole world is afraid of Swine Flu, its not that serious. I had it, It was just like any other flu. Be cautious, but fear is irrational.",1
3913606107,Got my consumption shot today. Doctor couldn't believe someone was worried about something besides flu. Um ... HELLO???,1
3914091512,"Parents speak about daughter's swine flu death http://bit.ly/1Lruae (very sad, looks like Kara may be getting that flu shot) #fb",0
4624560710,Swine Flu - How worried are you? - Take our poll now and check out how others feel! http://bit.ly/A07Zq - Vote Today!,0
3915390314,"RT @SexyRubie: @MOVEZTHAKING lmfao no he won't I got ya back I still got the flu-aww man just getting over this oneday cold, hope everything",1
4624560710,Swine Flu - How worried are you? - Take our poll now and check out how others feel! http://bit.ly/A07Zq - Vote Today!,0
3916363206,"IMHO- compare the risks of Swine Flu and Side Effects of vaccines, examine news reports carefully, make choices based on facts not fear.",0
3917625903,I'm not feeling good right now...really scared about getting swine flu!,1
4624560710,Swine Flu - How worried are you? - Take our poll now and check out how others feel! http://bit.ly/A07Zq - Vote Today!,0
3918442006,"@simplyKATEY katey, desi woke up sick too and is convinced its swine flu. so uhm, take every measure to prevent you getting it xD",1
4624560710,Swine Flu - How worried are you? - Take our poll now and check out how others feel! http://bit.ly/A07Zq - Vote Today!,0
3923795712,"AAAAAH, getting a flu and my head is killing me over here.. maybe I should get OFF the pc",1
3924270610,"I think im sick... Hopefully not swine flu...or worse yet, bird flu.",1
3926162604,Just threw up in the bathroom. Might be nervous. Or have latent PAX flu. #yyjtwestival,0
3927361205,"I'm getting sick...I can feel it....Mom's gonna be mad. Apparently she thinks its all in my head, I'm sorry I can't fake the flu.",1
3928497204,I am scared of dis flu mess as i am in college around these folks,1
3935688204,Bonnie & I are getting Flu Shots today. I'll probably still get that A1 Steak Sauce Virus though.,1
3935711407,Yep getting siked for the Ga game today. I hope Cox doesn't have the flu today. I would really like for us to win!,0
3936149212,Getting ready to go to worship band practice with what is probably the flu. Oh joy.,1
3937273901,"At least I may have some immunity if the 'pandemic' arrives...sort of a head start eh? Then again, fear factor/hype, remember SARS, Bird Flu",1
4624560710,Swine Flu - How worried are you? - Take our poll now and check out how others feel! http://bit.ly/A07Zq - Vote Today!,0
4624560710,Swine Flu - How worried are you? - Take our poll now and check out how others feel! http://bit.ly/A07Zq - Vote Today!,0
3937536106,"swine flu is so trendy right now, im going to get the old bird flu instead, its retro cool",1
4437113713,Getting allergy symptoms. I hope I don't get the flu..!,1
3938461902,@jonny_cox is getting me cold and flu tablets and lemonade. he is a good friend.,1
3939284406,Think Im getting swine flu,1
3939894211,Just now getting over swine flu! Feeling much better.,1
4439113701,"Sore throat, sneezing, mild headache first signs of... Hypochondria! or Swine Flu hoping it's the former worried it's the latter.",1
4440739100,super sick and keep getting worse.. If we had not come back from Eid would have taken a few days off.. Fake swine flu?,1
4440790207,Bit flu-y so consoling myself with Bird portraits in the garden - a chance to try out the EOS remote shooting softare,1
4443556909,"Mad Bird Flu, Son!! RT @LadyEsha: Do birds eat eggs? What would happen? Eeew",0
4443971413,"To people afraid of Swine Flu or H1N1...

Your fear of sickness in the body will only make you sick in the mind. Strong mind strong body.",1
3948991704,"Swine flu, no company, and not getting to talk to my rush crush make for a sucky weekend",1
3951636113,It's particularly irritating to be sick now because I want to get a flu shot.  I hate getting the flu--really wipes me out.,1
3952889512,"@Thongings I am getting it, the decision was which one to get this WEEK. :P Which turned out to be neither since I have flu. :(",1
4445251904,@mayhemstudios Hey I heard you are getting over the flu. I hope you are feeling better. @ValleyGirlShow left #140tc feeling sick too!,0
4445691808,"@lostxlovers yeah dude, for serious. Idk what's wrong with me thinking like that - swine flu?",0
3953328802,"@ home, getting flu n cold, somebody help me! hikz...hikz...",1
3955690000,"@petitegreek88 No. I was getting over a flu, blah.  How was it?",1
3955710301,"""He was trying to come to my house to get the book he left two days after getting swine flu. So I hung it on a tree by the road",0
3957079108,getting back on track from flu and lil heart break  - this world is never a dull moment,1
3959186913,"First vertical day after getting the flu. Call it whatever animal you want, it doesn't make it any cuter.",1
4624560710,Swine Flu - How worried are you? - Take our poll now and check out how others feel! http://bit.ly/A07Zq - Vote Today!,0
3964791503,getting over the flu.. can't wait to get out and see real people again,1
3967184214,@Aisha_22 aww thanks but hopefully ill be better tomorrow.. im scared its swine flu.. :|,1
4624560710,Swine Flu - How worried are you? - Take our poll now and check out how others feel! http://bit.ly/A07Zq - Vote Today!,0
3973615903,been hitting gym hard & feeling it.Football season when I train&diet hard.Beef up my immune system against flu or colds.hate getting sick,1
3975885509,Failed to stay awake for wrestling and now I am dying of the ills. Stupid flu - for days I was thinking it was only a karaoke hangover.,1
3976559002,Yup the flu subside but my body aching RT @bbchom: Syiok sei! R u getting better? RT @nadrahertogh: Just woke up!! Ohmygod the medicine,1
3977326101,"I'm worried that I'm getting bitterer. Bad two months: hamster and moochy pooch deaths, mumps and swine flu really fuck a girl up.",1
4448819102,please pray for my 6 yr old daughter who has been diagnosed with the swine flu. it's a worry because she has respiratory problems. Thank you,0
4449020106,Argh! The ministry of Supreme Education has cancelled my band practise until further notice because of the worry of Swine Flu!,0
4449427408,"Thx 4 all the concern! CT results say just blunt head trauma, no bleeding.  St. Joe's was good but saw a lot of pig flu potential...",0
4449459303,Are you thinking Swine Flu could mutate into something more dangerous?,0
4449886905,"RT@ dealsnjokes: ""You seem pretty scared of catching swine flu for someone who's not remotely scared of catching STDs."" http://bit.ly/mzQOi",0
4451014309,@JulyJime having some flu :S but getting better,1
4451058110,Getting better of Flu,1
4451788603,"RT @MissNickyHilton: Everyone seems to be getting sick. I better get a flu shot asap! : ),good idea!",1
3980018803,I think I'm getting the flu! Back home I gofml. So bad :( http://twitpic.com/hpg7z,1
3981284510,"Getting the flu again, fuck! It's like clockwork.",1
3981588413,"megan, you should really go home cause you probably have the flu. everyone's getting it.",0
3981707709,"At the ER with alana. Fever of 101.6 at 3am, then 103.4 at 930am. Throwing up...& just so lethargic. I'm worried... I pray its not swine flu",0
3982357509,Im so tired. Im getting more symptoms of the swine flu! Awesome...,1
3982445103,"@DanielJUK Thank you, sweetie! I'm on low energy level, dunno if I'm getting serious ill. Perhaps a flu, met much young people this month.",1
3983933313,i have to slow my roll. i think i'm getting the flu. not feeling well today at all. :(,1
3984693504,"Getting over flu and just buried girlfriend of 8 years. Tragic loss, she was only 44. To young to die. Taken by cancer. If you smoke, quit.",1
3985890707,Interested in preventing the flu this season without getting vaccinated? Boost your immune system: http://bit.ly/iwwcA,0
3986050301,Swine flu paranoia is getting out of hand.  http://twitpic.com/hqfua,0
3644630507,The approach of winter and flu has you worried? Worry no more Click Me for Health Now http://bit.ly/Tl8iC,0
3986736503,still isnt feeling too well....EVERYONE seems to be getting sick now...GET THOSE FLU SHOTS!!!!,1
4460982214,Feel like I am getting swine flu or maybe only mouse flu?,1
4464146200,@Shelley_Rae feel better! I'm finally getting over my flu. Never realize how good being healthy feels...,1
4464314607,@DreNorris no problem =] glad to hear hes doing better! i was honestly worried for a sec cuz he was so little w the flu,0
4464858014,Move over bird flu and pig flu. I gots the man flu. Sniff.,1
4465214804,@zeitgeist10 Thats good! I think I had the flu aswell this weekend. Now only have a sore throat and my teacher are terrified of me. LOL,1
4465225504,@BrandyLynn83 getting the flu... slowly  but surely,1
3993027504,"im not antivax, always get flu vax, but h1n1 makes me nervous. dunno y. &im hi risk. what 2 do...",1
3993349511,@purplebabi yea I was just watching it haha :P & hey becareful! The swine flu is getting worse! Soo have GermX with u at all times lmao,0
3994455308,"I think im getting sick. Sore throat, cough. OMG ITS SWINE FLU!! Dx ...oke, maybe I'm being overly dramatic, but seriously, its scary! Dx",1
3994905706,"If I didnt have enough to worry about, 2 cases of swine flu at my little girls daycare.",0
3995872203,I think I am getting sick with the flu....,1
4624560710,Swine Flu - How worried are you? - Take our poll now and check out how others feel! http://bit.ly/A07Zq - Vote Today!,0
3996468505,"worried about  my partner and bandleader Krys (www.krysbaker.com), an elementary schoolteacher who seems to be getting the flu",0
3996700407,"@adamlambert Oh plz don't worry, I can't believe how much you give to us. This flu is a bitch, take care bb!  You bring such joy. xoxo",0
3996703305,"i feel like i'm coming down with something :(  swine flu is my biggest fear, so please don't let it be that!",1
4624560710,Swine Flu - How worried are you? - Take our poll now and check out how others feel! http://bit.ly/A07Zq - Vote Today!,0
4469298613,getting kind of frustrated at all the people saying H1N1 vaccine will do more harm than H1N1 itself;regular flu & H1N1 can be very harmful,0
4470159108,"RT ""You seem pretty scared of catching swine flu for someone who's not remotely scared of catching STDs."" http://bit.ly/mzQOi",0
4470186001,NJ Getting Swine Flu Vaccine Next Week http://ff.im/-8URDd,1
3997873510,@charliesandynbo THANKS AGAIN for RT!  Very concerned about Florida (and everywhere) re: Swine Flu deaths.,0
3999344504,"Ke dokter minta suntik vit.c bu..it works with me n hubby RT @wortje: this flu is not getting better, i might request for a leave tomorr ...",1
4005143700,is thinking he has swine flu...,1
4008106101,@ihchicky Hi Ilissa!  I am just getting through my emails from yesterday.  Was short on time due 2 the kids having the flu. I will write u,0
4008243406,"I feel sooo bad.. I hate the flu. but don't worry, it's not the swine flu!",1
4010198702,swine flu confirmed in our school....evry1 is a bit worried now haha,0
4011031212,Im pretty sure im getting weird looks because my proffessor just talked about swine flu and i keep hacking ahaha,1
4012548706,"Am I , Yes. Also, getting a regular flu shot...Will it make me sick?",1
4012653702,I think its a bit excessive when someone shows up to class with a mask over their mouth for fear of contracting swine flu. really now...,0
4014004806,think i'm getting man flu :(,1
4014201810,Has a horrible stomach and head ache...hope I'm not getting the flu!,1
4014810706,"Not getting better at all.
Slowly getting worse.
Stupid flu.",1
4016909301,i think im getting the flu :( ... not swine flu lol,1
3644630507,The approach of winter and flu has you worried? Worry no more Click Me for Health Now http://bit.ly/Tl8iC,0
4019254603,"@Rexanne But as a smoker, it would just be weird if I was more worried about what's in the (regular) flu shot than what's in the cigs KWIM",1
4019382007,"Health Services made NDSP drive me home afraid I'd pass out on the way.  At least it's not the flu, right?",1
4021054508,Another enforced middle of the night cuppa! This bloody man flu is seriously getting on my nerves. Grrrr!,1
4023969314,these headache and flu are getting worse hiks hiks :(,1
4024130300,"of course, on top of everything else, I feel myself getting thisclose to the flu. if I had balls, this week would be kicking me in them now.",1
4027836501,"Joe Sharkey - What to Do About the Flu?: 

As summer ends, we’re going to start thinking a lo.. http://bit.ly/YAFSw",1
4028652607,"@diannarae Yes, this is going to be a daily show .. we're just getting our sea legs, today (plus I have the flu!)",1
4028765603,Resting 2day ad my mthly blood test last 1 ok got apoint 4 flu jab being lky so far not getting swine flu thats something,1
4030252104,Nervous about getting the h1n1 swine flu. Someone @ the office has it & everyone is coughing around me. I need 2 get over it.,1
4031870211,"in class with @sellie and EVERYONE is COUGHING, swine flu is imminent, I am the most scared.",0
4032163803,Seemingly many Carolinians I know are getting swine flu. Thankfully it wasn't the death-plague the media said it would be. Get well soon.,0
4473660213,@jrogolf hahahaha omg no!! im just kidding im just saying the threat of swine flu made me worried to go to school sick hahahaha,1
4474439509,Who's getting flu shots?,0
4477243309,@twalkin Getting over the flu. Have fun guys :),1
4477851814,"Rather enjoying ruffling @basports feathers. It's done with love. Though, I am mildly concerned I'll kill him in his flu-weakened state.",0
4478298013,Women must be more into preventative medine.  We are the only one talking about getting our flu shot.,0
4478460202,steve is sick with the flu... getting ready to clean the house and try to get steve to go to the hospital cause he  ... http://lnk.ms/2LnRd,0
4478959813,Getting a test ran to see if i have the swine flu..,1
4034711514,RT @ Energetix - Decrease the likelihood of getting the flu this season! http://tinyurl.com/o6wyjt,0
4035105214,Sitting at doctors office thinking that what I came for is less important than being around all this swine flu might suggest.,0
4035417810,"Finally getting over the NINfluenza.  Thank you Tylenol Cold and Flu, NyQuil, and @miss_m",0
4479972707,"feels icky. I think I'm getting the flu...not necessarily THE flu, but a flu. http://plurk.com/p/23np4w",1
4479979904,michael had swine flu... debbie has bronchitis... i'm beginning to think i'm immune to all diseases (: lolzz. getting my hair cut @ 5:00! :],0
4480403901,Finally getting over the worse flu ever :(,1
4481153707,Back from the match and trying to hide from the flu that everyone is getting this week...,0
4481224201,@Ms_NuvO awww well get better tho we don't need no more ppl getting the flu,0
4481243110,No I have a Mask!! Lmao! RT @Jontae2004: @Naturally_Rude like ur not worried about the swine flu?,0
4481250905,I'm More Worried about the Man in the Turban!! RT @Jontae2004: @Naturally_Rude like ur not worried about the swine flu?,0
4481265102,someone told me that i might have the swine flu... IM SCARED!!!,1
4481462013,"Well I had the flu last week, and now I have a cough and now I am getting body aches what am I going through?",1
4481747506,"Still feeling poorly, haven't worked since Friday. Got the flu. Was a bit worried as just came back from USA. But sure it's not swine flu.",1
4037973006,"Back to life after being pwnd by Swine Flu. Like getting jumped by 1000s of microscopic hoodlums. Don't worry, I'm safely quarantined #fb",0
4038237408,"@bekquita it's that swine flu girl. Don't worry I already had it, wasn't bad",1
4482159411,Kudos 4 good work under quarantine! RT @charleneburke: love home office; getting flu but still able to complete project for client on time,1
4482466001,Freakin' out over this swine flu shit...I am scared to send the kids out or go anywhere,1
4483425509,"@jsboustead13 herd you got bird flu dude, how u doing? stay awesome lol",0
4483891803,My concern regarding whether or not I have swine flu is strictly financial. I shouldn't qualify to contract this sickness.,1
4038315211,Is back from the country where the main telecom company is killing more ppl than swine flu but ppl are still more afraid by the swine flu...,0
4484878608,Drinking my apple cinnamon thera-flu getting ready to be knocked out. Trying to stay on top of this bug before it grows.,1
4485138804,getting some work done while i got the flu,1
4485156904,I think this whole swine flu thing is a gov. hoax...(keep the public scared so they don't know how bad we screwing them),0
4486076802,@glitterbug_81 I think he's getting the flu.,0
4041661204,I think I have the swine flu but I'm too scared to admit it or tell anyone about my suspicions.,1
4042616605,@lipstickfashion go in the house before you catch bird flu,0
4487313114,R.I.P. Summer M. I MISS YOU!! glad i got my flu shot.. everybody i know is getting sick. luvz my 54 ... http://lnk.ms/2NKRW,0
4044158014,"theraflu flu symptoms + tylenol cold&sinus = whatever this sickness is, it's getting it's ass kicked. maybe a full nights sleep? :) ahhh",1
4044723313,"Is it possible for dogs to get the flu? If not, why and why are humans always getting the household cold - dogs have allergies but no colds?",0
4491912506,Fear of flu keeps Nairobi residents away from fair - Business Daily Africa..,0
4053373910,Bought a tub of hand sanitizer for my office to combat swine flu. I'm also thinking about wearing garlic around my neck to combat deacons.,0
4496423800,The flu has hit my house.  2 kids down.  I'm thinking about getting a hotel room.  U better wash your hands after reading this.,0
4497559511,everybody in the house is getting sniffles... oh no!!! flu season is here.,0
4058485709,@SashiGamali u worried bout losing 2-5lbs cause of the flu u should b worried that its not H1N1,0
4061640800,@Buck21 have never gotten a flu shot in my life. Getting one this year as it is a condition of my employment.,0
4061758707,Has anyone got a Flu shot from Walgreens? Did they do well? Thinking about going in tomorrow (payday).,0
4062311310,Getting my flu shot. Yiiiipppppe ):,1
4062496003,Sure I might get swine flu but hand sanitisers are much better for getting drunk and starting fires http://bit.ly/S9Y5I,1
4062502006,Getting a flu shot because I do not want to get the flu on tour.,1
4499117302,"I've just known the selema's symptom is exactly like the flu's... So, I wanna do correction. I'm getting selema now, not flu...",1
4499171404,"you know its getting bad when they start closing the schools because of the flu.
I hope little kids don't feel as bad as I do right now :-(",0
4499331509,@akarlin think it may be okay...but concerned.  For instance I'm allergic to eggs can't get flu shot.  Can I be fined for not getting it?,1
4500309802,RT @fhnixon I feel like I'm getting sick. If it's swine flu I'm gonna find Babe the pig and punch him in the face...Hahahaha!,1
4500375401,Remley: Washing hands best bet to keep from getting swine flu.,1
4500876301,"@rogerandchris Doin' alright. Home w/my 11yo, who's just getting over flu, probably H1N1. I hear it's going around...",0
4501329700,Finishing up an entry then going to the immediate care. Ppl have me thinking I have Swine Flu!!,1
4502520214,"where is my flu shot?  with all my travels, I am scared of getting sick.",1
4503101711,"Concerned about getting the flu? It doesn't really matter what kind of soap you use, you just need to washing properly. http://bit.ly/17vaOq",0
4503513912,"I hate feeling sick, but esp at school. Don't worry, is not flu, just lady evils. Still, ugh.",1
4503809211,"on a scale of 1-10, how concerned are you about the new season of swine flu? 5 being you think it's no joke but you think you'll be okay.",0
4507906912,"thinks he's getting the flu, hoping for the best",1
4508325706,@Sundry:  Fuck.  I'm just getting over the flu so I figured it was just that.,1
4511309405,THINKING. SINGLE. WE GOT A FRIEND RE BUILDING THE GO KART MOTOR. I HAVE THE FLU. I HAVE TO WEAR A DOCTOR MASK WHEN  ... http://lnk.ms/10swX,1
4511584801,#why is everybody getting swine flu ! yuck,0
4514178103,its kind of sad that i'm less worried about having the swine flu than i am the fact that i womt be able to hug anyone. :(,1
4514443509,"are any of my doggie friends getting flu shots? My vet isn't carrying it, but a doggie friend is getting shots in the next county. Thoughts?",0
4514586009,THINKING. SINGLE. I HAVE THE FLU. I HAVE TO WEAR A DOCTOR MASK WHEN I LEAVE MY ROOM. ... http://lnk.ms/11SyS,1
4515117809,My breathnessless since the flu is not getting better... And I get thirstly too fast... Something is wrong.. Maybe another visit to the doc,1
4515143710,@Xxsincerityxx there you go! Swine flu prevention 101. Maybe he was afraid i was gonna run in and sneeze on him,1
4515411704,"@ForbesNutrition Thanks, Jess! I'm on vac out of the country soon and was planning on getting a flu shot next week. Now I can prep.",1
4515614906,@abrandnewday4 flu sick; but i'm getting better quite rapidly; i just ate soup.,1
4516172803,"Is still getting over the flu, good news, I'm in the lab. My wife had a terrible car accident, please pray for  ... http://lnk.ms/2RzjF",1
4518067807,Im a bit concerned upcoming trip to Asia...all the talk of swine flu and now these earthquakes happening Asia http://bit.ly/209irC,1
4518489202,I HATE BEING BLOODY SICK *takes several cold and flu tablets* getting better but its taking it's time!,1
4518728711,@ohmell :( sounds like you're getting the flu. if it hurts to swallow then u might be getting strep,0
4520346310,"RT @tiffychua: Boss canceled my shift today just as I was on my way. Pft. I must've scared him, being sick sounding and all. => swine flu :P",1
4521108901,Everyone seems to be getting flu again!,0
4522044912,#h1n1 #news #swineflu Re: Getting swine flu for the second time: MKey1 wrote:[color=#400080]Thanks for the reply Hurrica http://url4.eu/Yv4l,1
4528412403,sick as a dog. Got a second flu at the airport I fear,1
4528950609,"was talked into getting the flu shot yesterday by my OB... man, my arm is sore!",0
4534288005,getting my flu shot :(,1
4534313403,"I think I'm going to swallow my fears and get the Flu shot today. Why am I afraid of flu shots, but not afraid of tattoos?",1
4534394704,@arosefull my kids have never been sick from getting their flu shots.,0
4534616112,"@GAGdavidson @camtheramron seriously, these people are concerned about swine flu. Like that's a concern! Do you need a shotgun for the flu?",0
4535032105,#swine flu got me scared 2 leave out the house!!!!,1
4536894104,Everyone in the office is getting the flu. I hope the OJ helps. Blargh.,0
4537344706,"Getting my flu shot, great",1
4537360401,@thinkshesaspy But the platypus flu is awesome.  All the cool kids are getting it and using it as an excuse to lie around watching Aladdin.,0
4538494002,"Taming of the shrew cast still worried i have swine flu, must not infect cast",1
4540397610,<sigh> Still sick; if I had a fever I'd be worried I had swine flu...,1
4540634013,"Putting kids to bed then putting me to bed. Afraid the flu is hitting me, too. Getting more achy by the min. Ugh.",0
4540893701,"@RecipeGirl Yes! Very low energy this week, hoping not getting sick. But I had so much fun it may be worth a cold, not the flu though.",1
4542848012,@ReReLunsford Man flu IS the flu I fear the most.,1
4553781407,Wondering if cross walk buttons actually do anything besides increase my risk of getting the swine flu.,1
4558525208,"@mileycyrus I'm very worried for you, there's rumors that you have the flu H1N1 and I can not believe they are true... ='(",0
4559183610,Thinking about going to Walgreen's on my lunch for a flu shot. Eck. Adulthood.,1
4560507401,Getting over the flu sucks!,1
4560916001,wow im just getting over the flu!!,1
4577819900,RT @mercola: AVOID GETTING THE FLU by drinking lots of PURE WATER! Well-hydrated mucous membranes help fight off viruses.,0
4565053812,"Getting over the Flu (The regular one, not the swine variety) http://dailybooth.com/u/qkvv",1
4565412401,ahh! I think I'm getting swine flu! I've been coughing all day!,1
4567033211,I'm pretty sure I have the Bird strain of the Monkey Pox Swine Flu Hybrid. :(,1
4567697212,Time to rest up for the big race tomorrow. Swine flu actually worked in my favor for getting a partner!,0
4568680207,"So, the guys with facemasks. Are they afraid of the Swine Flu? Or do they have it? Is there any other disease to be aware of?",0
4570628208,can't shake this fever. Is thinking i have the flu. Going to bed and not worryin about anyone or anything else. ... http://lnk.ms/18BmX,1
4572708105,I am so afraid that I am going to get some form of the flu this fall...I am scared to death. This is not cool at all. For true!,1
4573386501,first we had mad cow then we had bird flu now we have swine flu omg its farmaggedon,0
4576866710,"Think I've stopped vomiting now, and the flu symptoms are lessening. I still feel rough as, but hopefully I'm getting better ^_^",1
4578427806,"RT @CoachCharrise: OK Now I have the bird. ( Oh No!,It's worse than the swine Flu! Ha! LCW)",1
4578524014,Sick after getting the live flu mist yesterday of course - rarely happens.  I'm buying a lotto ticket later.,1
4579178714,"@504sexyslim hiiiiiii mi baby! Just getting over the flu, me.... how are u feeling",1
4582247003,"@MysOMG14 oh lol nah I been on, just getting over this flu",1
4583990810,"the batshittiness has begun, t-minus 7 hours before the wedding, my brother has contracted a flu and relatives fear SWINE! squeeeeeeeee!!!",0
4584323110,Amen! RT @HJBosch21: @kategardiner Medill is really good at getting swine flu though,0
4584372810,To Flu Vacc or not to Flu Vacc. the kids?Is this an absolute necessity?Are we being scared into filling our kids with more useless drugs?,0
4588369509,I'm sitting at Acute Kids with my little one who has a 103 fever. I am afraid we have entered flu-land! Let's hope for the best. :),0
4588961512,"Thought I was shaking this flu thing, but now it's back for revenge! Don't worry, I've not yet begun to fight!",1
4596533900,i think i may be getting that pig flu....,1
4596804607,"scared i have the flu. hopefullllly, im just paranoid :P",1
4601142204,"Y'all I haven't taken a flu shot & don't feel comfortable taking it... I am so afraid of that H1N1 this year, I think it's gonna be bad",1
4602315210,"@momtodanielle Oh man, you sound like you have the same flu bug I am just getting over! It was a brutal week for me, but I'm finally better",1
4604431612,@JukemFootball good 4 you getting rid of the negatives..I am considering unfollowing the swine flu alertist..40 tweets a day about H1N1..ugh,1
4607707014,"Also could this virus have been related to the bird flu? Can we trust world -wide
governments to tell  the  truth!!!!!!!!",0
4607898304,"@jasonmitchener I'm okay, been sick with the flu. But, I should surely be getting better soon. Planning a productive week!",1
4608658212,RT @jw0Od I could really use some prayers for my 3yr old nephew He has just tested for the Swine Flu we r scared & could use Gods healing,0
4609379607,Cleaning my room. Yeah i still do have that flu; but im getting over it a little . :( ... http://lnk.ms/2gtrM,1
4609554612,"rainy Sunday in Dallas -- so catching up on TiVo (all episides of Julliana & Bill, Survivor, House Hunters) and getting over the flu",1
4609715213,All ages worship was good. Would have had way more fun if I hadn't had the flu all weekend. Getting better though.,1
4611486908,@Jo5269 still got htis fcukin flu and back to work morrow nite :(. getting to post off ice morrow post that dvd xxx,1
4611925313,"so the flu uuuusually lasts a few days, yes? over a week of flu, it's getting annoying.....",1
4613713202,RT @DulceDemise: I just caught bird flu (via @afraricanbarbie ) I'm ova here sneeezinnnn so much in this room full of birds,1
4615066711,"@manyko2 You missed me getting the flu.Fever,burning chest,sore throat, cough, ear ache-I feel like a Nyquil commercial. #wtf #lol #flu #hcr",1
4615697103,Getting ready to watch steelers chargers game and feel good now that I'm almost done with the evil swine flu,1
4617056500,"I feel like shit, I am for sure getting the flu! This sucks!",1
4617267204,Gack! Coughing up a lung. Damn bird flu or pig flu or alligator flu...,1
4617574807,First case of swine flu in k's school. Feeling anxious.,0
4618036005,I either ate some bad pork or I am getting the flu. Tummy Not feeling good.,1
4618653712,RT @Nique_Famous: The flu is going around and I had to catch it smfh<< u been getting sick a lot lately.... Hmmmmmm,1
4622760506,ughh plz dnt tell me I'm getting sick ... does getting a flu shot work after u already started getting sick ?,1
4624089010,"can't believe Monday is here already - still got the flu, but getting better (no temp most of the time).  Should be back to normal soon",1
4627073902,with how much crap i talked about people getting the swine flu it'd be poetic justice if how crappy i'm feeling is because of it.,1
4627589709,"RT @unmarketing: From SomeEcards.com ""You seem pretty scared of catching swine flu for someone who's not remotely scared of catching STDs""",0
4627643705,"SomeEcards.com humor ""U seem pretty scared of catching swine flu for someone who's not remotely scared of catching STDs"" (via @unmarketing )",0
4630358708,"Becoming paranoid that I'm actually coming down w the flu. Not bc I actually think I have the flu, but because the media hype is getting me.",1
4632577301,@lilreed's birthday weekend closed with everyone getting the stomach flu. Kill me now.,0
4633280909,Scots to get vaccinated against the flu: Getting vaccinated is the best way for vulnerable people to protect themselves from the consequ..,0
4633620405,my step dad has swine flu. now im really scared :(:(:(,0
4633907808,"@ellenrossano while vitamin C/zinc help combat the flu? should we really be worried? I got the regular shot, not the H1N1, is that ok? #h1n1",1
4635245507,Worried about Swine Flu? Stop eating meat and problem solved!,0
4635366510,"@Shayded You know I'd love to. Josh is at work already for the night, though, getting his flu shot. :(",0
4635787009,@ the doctors getting a flu shot.. Thnk god,0
4635838910,"@HartHanson don't worry. i've had it, its just a flu!!!! it aint nothing but a hype!",1
4636313308,Body aching hope I'm not getting the flu,1
4640599005,"@ShelleyFOD Wheww! everytime the kids get sick now, its scary thinking they have the swine flu! Its going to be rough this yr!",0
4640631011,is thinking pasta for supper tonight folks...then some cold meds to get rid of this freaking flu or whatever it is that I have...,1
4640956008,@Zipad3dodah It sucks that it took Brian getting swine flu for everyone to post something about them & them releasing a cd tomorrow.,0
4641673310,My flu is getting better... And yet it's still rendering...ahhh I need my cluster back fir compressing!,1
4643215006,RT @ga_beauty: I'm feeling like I'm getting sick.....I hope it's not the flu..... <---we're not gonna claim that!,1
4643995714,"Has the flu. Not the swine kind, or the bird kind. The fucking annoying cant-stop-sneezing-and-coughing kind. Nurse me.",1
4644196004,@pleasurejalin omfg im so scared of getting swine flu. Where did this person live? :((((,1
4644450200,i gotta a dang on cough dats needs to leave like asap! im scared of tha flu better yet swine flu,1
4646151808,got my flu shot ..but getting sick..boo boo!!! ... http://lnk.ms/1M1LL,1
4646309712,is getting the flu on homecoming week! UGH! =[[,1
4651102601,I've been on the brink of getting a cold for over a week now. Teetering on the edge of the relegation zone into Division Flu.,1
4651862314,@SteveGoudie Man flu still getting you down mate :(,0
4651895711,Backstreet Boys Show Us the Meaning of Getting Swine Flu http://bit.ly/szTNQ,0
4653005805,Sick with the freaking Flu! Not liking it one bit. Poor William is getting the symptoms too! Pray for us to get bet ... http://lnk.ms/1MsC2,0
4653253010,@amotherworld I was thinking flu yesterday but his fever seems to be going down already?,0
4654807109,Status: Getting a seasonal flu shot today. Soon I will be sanitized for your protection. #flu,1
4655350605,SO TRUE!  RT @HarrisonHand: Fear feeds illness. Don't let flu hysteria make you sick.,0
4655419010,Think twice about taking the H1N1 vaccine! studies show it doesn't lower risk of getting swine flu. Also contains high levels of mercury.,0
4655568904,"From the way I'm feeling, it looks like I might be getting sick, and with the flu going around, I only have a few options of what I've got.",1
4655662907,Damn just getting over this flu I can't wait to get back and eat up these weights!,1
4662783908,I'm getting a flu shot tonight & none too soon. Ray Anthony is already under the weather.,1
4663096306,"I'm going to get the flu shot, because getting a shot isn't as bad as getting the flu.",1
4663680404,Making today's Sonic Happy Hour run with the 16-yr old. We are getting cabin fever with all the flu-ness! ;),0
4664243400,"Just got a call from my Niece at Western, she say everybody she knows is getting very sick, hope it's not the start of Swine Flu on campus..",0
4664297204,"@Uchifan swine flu? that sucks, but at least you're getting it out of the way? :]",0
4665643511,Did not run the Portland Marathon on Sunday. Woke up with the flu. Now start getting ready for the Seattle Marathon in November,1
4665834208,"School Student Gets Suspected Case Of Swine Flu, Her Parents Worry: 10 year old Jazmine Lynch from Lenoir Count.. http://bit.ly/ibjdX",0
4666406311,Either I've got some flu bug or am dying. I have to now explain to my friend I need to cancel tmw's playdate w/o her getting pissed at me.,1
4666801909,Time to train. Yay! .. coming down with the flu and training = my ass getting kicked,1
4667376109,"I worry the Pedi office nurses make fun of me after I call.  Yesterday called 2 schedule flu shot, 2day about his stomach, last week 4 vomit",0
4668791200,is trying to keep from getting the flu virus it seems like its everywhere.have a great night all.,1
4701359904,Afraid of swine flu? Wear this suit,0
4702949011,Getting ready to go to bed. Taking Chloe to get her flu shot in the morning then home to study some more for my ana ... http://lnk.ms/2wyQb,1
4705967711,"@brentspiner - I'm so glad to hear that.  I saw you on a cable car, and you didn't seem yourself.  I was afraid you had the flu.",0
4707556310,@NeyomFriday yes although I think I caught flu on the plane. :( I still can't tell if I'm getting better this morning or not!,1
4708462502,should swine flu at purdue concern the students? send your answer to @purdueexponent . #swineflu #purdueuniversity,0
4709275607,juts got my flu shott bring it on bratss this bitchh isnt getting sickk apple juice muffins and lollipop best 15 dollers ive spent in awhile,1
4709276314,"@jHizzle2107 hun, Ive had swine flu... checked out on life for a week! But dont worry I got u",1
4709551311,Made my decision....I'm getting a flu shot this year.,1
4710504508,Afraid of swine flu? Wear this suithttp://tinyurl.com/yblngw8,0
4712215908,"i glad im getting better from the flu , gunna be 17 in a month, yess, text",1
4712779205,Getting over a bad flu bug..... Thanks you Scott for taking such good care of me!,1
4713497303,Finally getting over the flu! OMG that was the 2nd worst pain I have ever felt.... ... http://lnk.ms/2y3zn,1
4713839407,"Help stop H1N1: The swine flu, H1N1, is getting ready to strike full force. As more and more people grow carele.. http://bit.ly/mz232",0
4713928103,sick coworkers dropping like flies--- #StabbyHate    ----------getting the flu shot for me and kids on Friday!!!,0
4715469102,Getting a djank flu shot :/,1
7494721602,"AVOID GETTING THE FLU by getting enough sleep! If you're body is fatigued, it simply won't be able to fight off the virus. – Dr. Mercola",1
4715578610,"@annagates but FYI, I'm not getting anywhere near you until your swine flu goes away.",0
4715587300,Damn!!  Is tha medical situation so bad that people are scared 2 get flu shots!?!?!!?,1
4718277900,"RT @OTOOLEFAN: .@glennbeck I heartily support you not getting a Swine Flu shot. Don't wash your hands, either.",0
4719867500,Flu shot today. Still debating on getting the h1n1.,1
4720831403,I'm not gonna lie all this H1n1 flu talk worried the hell out of me .... I thank god that wasn't the case for me,1
4723331411,I'll be starting my daughter on these products ASAP.  I'm so nervous about her catching the flu.,0
4723782205,I'm getting better from that  terrible flu! yay! :),1
4723857913,Your resource for tracking the swine flu- If you're worried about the swine flu and you want to be able to track it... http://bit.ly/3g7vT7,0
4734030408,"RT @funnyoneliners Bird flu, Mad Cow disease, and Swine Flu. Oh my God, it's Farmegeddon!",1
4724214808,"Hehe: RT @beanchef: RT @funnyoneliners: Bird flu, Mad Cow disease, and Swine Flu. Oh my God, it's Farmegeddon!",1
4724286013,"HAHAHA RT @mcoop: HAHA! RT @WeBeKickinIt: LMAO! RT @funnyoneliners: Bird flu, Mad Cow disease, and Swine Flu. Oh my God, it's Farmegeddon!",1
4724584611,"LMAO! RT @funnyoneliners: Bird flu, Mad Cow disease, and Swine Flu. Oh my God, it's Farmageddon!",1
4727700406,I wonder if Maddox ever ended up getting swine flu - http://is.gd/461lG,0
4728992002,Thinking of the weekend. Hoping I will be up to the plans. Trying to get rid of the flu.,1
4732369811,@christmasinkl hello Chris...happy that you feel better :) it's getting colder here...it's time to take care of ourselves to avoid the flu,0
4733530808,http://twitpic.com/ktofk - Friday Funny: Paranoia over the swine flu is getting out of control.,0
4733565308,No fever this AM! Voice came back yesterday...sorry kids. Throat is no longer sore. I think I may be getting over this Barnyard flu finally!,1
4734030408,"RT @funnyoneliners Bird flu, Mad Cow disease, and Swine Flu. Oh my God, it's Farmegeddon!",1
4734142303,"says H1N1 is kicking my butt,  I haven't been this sick in a long time.   Do what you can to prevent getting the flu!",1
4734172705,"Bird flu, Mad Cow disease, and Swine Flu. Oh my God, it's Farmegeddon! (via @funnyoneliners) a new game on facebook?",1
4735273205,Getting over the H1N1 Flu and it was NOT fun!!!  Spent several days with a 103.6 temp!  Finally coming out of the fog!,1
4740604210,No vaccine here! We will be using lomatium @jamiesjewels Hey are your kids getting the swine flu vaccine?? Im a little nervous about it,1
4741097902,"Getting tired of being sick...I'm 3 for 3 - 3 weeks, 2 colds, 1 flu virus. Ugh...",1
4743570612,"First it was Bird flu, then Mad Cow disease, and now Swine Flu. The crazy guy on the corner was right, it's Farmegeddon!",0
4744355313,"@jameyjasta Hahaha, are you afraid she might get the swine flu? LOL",0
4747237213,@autismfamily I hope you recover soon. Are you concerned about the swine flu affecting the schools your boys attend?,0
4754025808,Ugh...I'm scared of swine flu. :/,1
4754231406,@mammaloves my daughter (17yrs) has been sick for a wk w/a cold.  been hoping our 4 mo. old doesn't get it.  Stupid flu makes u worry.,0
4755526304,Reading about H1N1(Swine Flu) and getting the facts...http://bit.ly/OsQzr,1
4755865609,"@takehimaway I'm getting sick, the flu to be exact",1
4756447612,"@thebeaky I think Im getting a cold or something. Maybe the Swine Flu! No, seriously, my throat hurts and my ears are achy.",1
4761591602,Rainy Saturday at home. The ministry has suspended our student retreats for fear of swine flu. Bummer...they were a ton of fun.,0
4762224611,"1st week at uni over, only half way through freshers though. Exhausted, getting flu & have lots of work. What fun!",1
4769321202,My 9 yr old has the swine flu. this makes the 3rd fam membr inside 2 wks. his fever has me worried..... haven't slept in almost 48 hrs,0
4772454905,apologies to Sacird Heart for my abscence this evening! I came down with the flu bug just as I was getting ready but I hope you guys show up,1
4775781511,Take Good Care and Thank you. More requests on the way@TheKotel I'm recuperating from the flu very weak.Thank you for concern and prayers.,0
4775831103,"having 2 bottles of antibiotics nuking all bugs inside me and getting sored throat??  Must be flu, hope i don't turn into a pig",1
4776361500,"the flu is getting worse, snot is getting thicker and a khaki colour...",1
4776680802,When everyone in 2001 was worrying about Islamic Terrorism I was more concerned about bird flu. I wonder if these bugs are lab escapees.,1
4776942603,@michellepanga I did too. But I'm afraid of catching the flu.,1
4778592606,@neveraclue She's got a touch of the flu but hanging in. Thanks for your caring concern.,0
4779616709,ok getting up to go to the br every  10-15 min [too much water/milk] isnt very good for my flu since the dr said to not do too much haha.,1
4780582511,Wishing all my Cndn friends & family a Happy Thanksgiving! Will miss out on the bird and pumpkin pie due to flu. Boo!,0
4784901511,is drinking beer now because if I do catch the family flu I'll be out of commission for at least a week. I'm always thinking.,0
4785055210,got the flu and cold weather has set in getting lost of rest and taking care of my self .,1
4786001800,@daniellekiemel I have flu so I'm the opposite - burning up - you wanna swap? lol! I'm on page 104 out of 280 so getting there I suppose! x,1
4786269900,"I'm awake, fearing the possibility of getting Swine Flu from down in Mexico. Everyone is to now wear a mask while reading my tweets. =\",1
4787586608,Ughh I'm getting the swine flu come save me!!,1
4795491406,Gessi has the flu!  With the swine flu I am worried about her very much.,0
4795819611,I'm getting the fucking flu. #openwindowfidead,1
4797392202,"@herbadmother Even if it is swine flu, I wouldn't worry too much. I know of a few kids diagnosed with it, and they're recovering just fine.",0
4798274007,trying not to worry myself.  Addison has had a fever for 4 days and no other symptoms.  She had flu shot on Wed.  Could it be from that?,1
4800120109,RT @MattARobertson Flu update: AJ had a better day. Fever has been down and showing interest it getting up and out of his room. Good signs..,0
4802710100,I think i got swine flu.... I am so scared what if i do.... Lol hopefully not.... Anyways hit me up i am hella  bor ... http://lnk.ms/1nCsQ,1
4807831709,RT @MaxLucado: Whoa. I just heard that the Pope has a case of the bird flu. He caught from one of the Cardinals.,0
4807953707,@wokareal just working on getting this restaurant open. You get over that flu,0
4808759301,Swine flu appears to be getting ever closer - as long as it is after camp I will embrace it,1
4811030402,ugh everyone is home still getting over the flu ... http://lnk.ms/1p1XV,0
4811228005,The little man is embracing the holiday. He is still sleeping. Considering he is getting over the flu this is a good thing.,0
4811366500,"@AgustinSantiago Getting over the flu; still coughing up unIDed substances. On the upside, enjoying AFI's new album.",1
4811935701,R.I.P. T.R. We will miss u&dont ever forget We love u!((hopes my baby girl gets over this flu.. im really worried a ... http://lnk.ms/1p6rr,0
4812493714,Bloody hell. Short walk to Morrisons nearly killed me. This flu business is getting tedious already.,1
4812604309,"so i get the flu shot to keep from getting the flu, and i get the flu from the frickin' shot!...waste of time and money...",1
4812950000,"@just_jme I'm thinking about it! I don't want to die from the flu! Although, I've never really been sick except sinus infections.",0
